tag,patterns,responses
greeting,"Hello","Hello"
greeting,"Hi","Hi"
greeting,"Hey","Hey"
greeting,"Good morning","Good morning"
greeting,"Good afternoon","Good afternoon"
greeting,"Good evening","Good evening"
greeting,"How are you?","How are you?"
greeting,"What's up?","What's up?"
greeting,"Howdy","Howdy"
greeting,"Greetings","Greetings"
greeting,"Yo","Yo"
greeting,"What's happening?","What's happening?"
greeting,"Hi there","Hi there"
greeting,"What's going on?","What's going on?"
greeting,"Nice to see you","Nice to see you"
greeting,"How's it going?","How's it going?"
greeting,"How have you been?","How have you been?"
greeting,"What's new?","What's new?"
greeting,"Hey there","Hey there"
greeting,"How's everything?","How's everything?"
greeting,"Long time no see","Long time no see"
greeting,"Good day","Good day"
greeting,"How's life treating you?","How's life treating you?"
greeting,"Hiya","Hiya"
greeting,"What have you been up to?","What have you been up to?"
greeting,"Pleased to meet you","Pleased to meet you"
greeting,"How's your day been?","How's your day been?"
greeting,"Hey buddy","Hey buddy"
greeting,"Welcome","Welcome"
greeting,"Well, hello there!","Well, hello there!"
greeting,"Welcome back!","Welcome back!"
greeting,"Happy to see you!","Happy to see you!"
greeting,"How's your morning?","How's your morning?"
greeting,"How's your evening?","How's your evening?"
greeting,"Looking good today!","Looking good today!"
greeting,"What brings you here?","What brings you here?"
greeting,"What's the good word?","What's the good word?"
greeting,"How's your family?","How's your family?"
greeting,"Any plans for today?","Any plans for today?"
greeting,"Anything new with you?","Anything new with you?"
greeting,"How's the job going?","How's the job going?"
greeting,"How's your week been?","How's your week been?"
greeting,"Any exciting news to share?","Any exciting news to share?"
greeting,"How's the weather out there?","How's the weather out there?"
greeting,"Hope you're well!","Hope you're well!"
greeting,"You look great today!","You look great today!"
greeting,"How's the business?","How's the business?"
greeting,"What's going on with you?","What's going on with you?"
greeting,"Got any big plans coming up?","Got any big plans coming up?"
greeting,"How are things on your end?","How are things on your end?"
greeting,"What's shaking?","What's shaking?"
greeting,"How are the kids?","How are the kids?"
greeting,"Seen any good movies lately?","Seen any good movies lately?"
greeting,"Read any good books lately?","Read any good books lately?"
greeting,"Been on any trips recently?","Been on any trips recently?"
greeting,"How's everything with you?","How's everything with you?"
greeting,"What's kicking?","What's kicking?"
greeting,"How's your night going?","How's your night going?"
greeting,"What's new and exciting?","What's new and exciting?"
greeting,"How's your health?","How's your health?"
greeting,"You're looking sharp!","You're looking sharp!"
greeting,"Happy to see your face!","Happy to see your face!"
greeting,"What's the latest gossip?","What's the latest gossip?"
greeting,"How's your day shaping up?","How's your day shaping up?"
greeting,"What's cooking?","What's cooking?"
greeting,"What's new in your world?","What's new in your world?"
greeting,"How's everything rolling?","How's everything rolling?"
greeting,"Good to have you here!","Good to have you here!"
greeting,"How are your folks?","How are your folks?"
greeting,"What's cracking?","What's cracking?"
greeting,"How's your love life?","How's your love life?"
greeting,"What's the rumpus?","What's the rumpus?"
greeting,"How are your pets?","How are your pets?"
greeting,"What's the haps?","What's the haps?"
greeting,"How's your spirit?","How's your spirit?"
greeting,"What's brewing?","What's brewing?"
greeting,"How's the hustle?","How's the hustle?"
greeting,"How goes it today?","How goes it today?"
greeting,"What's on the agenda?","What's on the agenda?"
goodbye,"Goodbye","Goodbye"
goodbye,"Bye","Bye"
goodbye,"See you later","See you later"
goodbye,"See you soon","See you soon"
goodbye,"See you tomorrow","See you tomorrow"
goodbye,"Take care","Take care"
goodbye,"Farewell","Farewell"
goodbye,"So long","So long"
goodbye,"Catch you later","Catch you later"
goodbye,"Bye-bye","Bye-bye"
goodbye,"Adios","Adios"
goodbye,"Toodle-oo","Toodle-oo"
goodbye,"Ta-ta","Ta-ta"
goodbye,"Later","Later"
goodbye,"Peace out","Peace out"
goodbye,"Until next time","Until next time"
goodbye,"Have a good one","Have a good one"
goodbye,"Have a great day","Have a great day"
goodbye,"Have a nice day","Have a nice day"
goodbye,"Take it easy","Take it easy"
goodbye,"Bye for now","Bye for now"
goodbye,"I'll see you around","I'll see you around"
goodbye,"Talk to you later","Talk to you later"
goodbye,"Keep in touch","Keep in touch"
goodbye,"Stay safe","Stay safe"
goodbye,"Godspeed","Godspeed"
goodbye,"Bon voyage","Bon voyage"
goodbye,"Cheerio","Cheerio"
goodbye,"Sayonara","Sayonara"
goodbye,"Goodnight","Goodnight"
goodbye,"Goodbye for now!","Goodbye for now!"
goodbye,"Until we meet again!","Until we meet again!"
goodbye,"Be well!","Be well!"
goodbye,"Stay blessed!","Stay blessed!"
goodbye,"Cheers!","Cheers!"
goodbye,"All the best!","All the best!"
goodbye,"Stay healthy!","Stay healthy!"
goodbye,"Go safely!","Go safely!"
goodbye,"Until our paths cross again!","Until our paths cross again!"
goodbye,"Stay cool!","Stay cool!"
goodbye,"Stay warm!","Stay warm!"
goodbye,"Catch you on the flip side!","Catch you on the flip side!"
goodbye,"Stay frosty!","Stay frosty!"
goodbye,"Until tomorrow!","Until tomorrow!"
goodbye,"Looking forward to our next meeting!","Looking forward to our next meeting!"
goodbye,"Keep smiling!","Keep smiling!"
goodbye,"Take good care!","Take good care!"
goodbye,"Have a safe journey!","Have a safe journey!"
goodbye,"Until we chat again!","Until we chat again!"
goodbye,"See you on the other side!","See you on the other side!"
goodbye,"Stay happy!","Stay happy!"
goodbye,"Catch you next time!","Catch you next time!"
goodbye,"Stay calm and carry on!","Stay calm and carry on!"
goodbye,"Keep rocking!","Keep rocking!"
goodbye,"Stay sunny!","Stay sunny!"
goodbye,"Keep your chin up!","Keep your chin up!"
goodbye,"Keep on rolling!","Keep on rolling!"
goodbye,"Peace and love!","Peace and love!"
goodbye,"Be safe out there!","Be safe out there!"
goodbye,"Don't be a stranger!","Don't be a stranger!"
goodbye,"Hope to see you soon!","Hope to see you soon!"
goodbye,"May the wind be at your back!","May the wind be at your back!"
goodbye,"May your journeys be safe!","May your journeys be safe!"
goodbye,"Enjoy your day!","Enjoy your day!"
goodbye,"Ride the wind!","Ride the wind!"
goodbye,"Keep the faith!","Keep the faith!"
goodbye,"Stay golden!","Stay golden!"
goodbye,"Until next we meet!","Until next we meet!"
goodbye,"Fly high!","Fly high!"
goodbye,"Keep thriving!","Keep thriving!"
goodbye,"Stay sharp!","Stay sharp!"
goodbye,"Be seeing you!","Be seeing you!"
goodbye,"Stay out of trouble!","Stay out of trouble!"
goodbye,"Keep on shining!","Keep on shining!"
goodbye,"Keep up the good work!","Keep up the good work!"
goodbye,"Look after yourself!","Look after yourself!"
goodbye,"Stay positive!","Stay positive!"
goodbye,"Keep being awesome!","Keep being awesome!"
goodbye,"See you in the cosmos!","See you in the cosmos!"
joke,"Do you know any good jokes?","Why don't scientists trust atoms? Because they make up everything!"
joke,"Can you lighten up the mood with a joke?","Did you hear about the mathematician who's afraid of negative numbers? He'll stop at nothing to avoid them!"
joke,"Got any funny stories or jokes to share?","Why did the scarecrow win an award? Because he was outstanding in his field!"
joke,"Heard any good jokes lately?","How does a penguin build its house? Igloos it together!"
joke,"Do you have a favorite joke you'd like to share?","Why don't skeletons fight each other? They don't have the guts!"
joke,"Can you tell me a joke to make me laugh?","What do you call fake spaghetti? An impasta!"
joke,"What's a joke that always cracks you up?","Why did the bicycle fall over? Because it was two-tired!"
joke,"Are you good at telling jokes?","What do you call a cheese that isn't yours? Nacho cheese!"
joke,"Can you hit me with a joke?","Why did the tomato turn red? Because it saw the salad dressing!"
joke,"Got a joke up your sleeve?","What do you get when you cross a snowman and a vampire? Frostbite!"
joke,"Know any jokes that will make me chuckle?","How do you organize a space party? You planet!"
joke,"Do you have a go-to joke for any situation?","Why couldn't the bicycle stand up by itself? It was two-tired!"
joke,"Want to share a joke to lift our spirits?","What's orange and sounds like a parrot? A carrot!"
joke,"Care to share a joke to brighten the day?","Why don't scientists trust stairs? Because they're always up to something!"
joke,"Can you break the ice with a joke?","What's brown and sticky? A stick!"
joke,"Do you have a funny joke to share with everyone?","Why don't eggs tell jokes? Because they'd crack each other up!"
joke,"Heard any jokes that made you laugh out loud recently?","What did one ocean say to the other ocean? Nothing, they just waved!"
joke,"Can you entertain us with a joke?","Why did the golfer bring two pairs of pants? In case he got a hole in one!"
joke,"Have you heard any jokes that are worth repeating?","What do you call a bear with no teeth? A gummy bear!"
joke,"Do you know a joke that always gets a good reaction?","Why did the tomato blush? Because it saw the salad dressing!"
joke,"Can you start us off with a joke?","What do you call a can opener that doesn't work? A can't opener!"
joke,"Got any jokes that will crack us up?","Why did the math book look sad? Because it had too many problems!"
joke,"Can you make us laugh with a joke?","What do you call cheese that isn't yours? Nacho cheese!"
joke,"Know any jokes that are guaranteed to make us smile?","Why did the chicken join a band? Because it had the drumsticks!"
joke,"Care to share a joke that's been making the rounds?","How do you make a tissue dance? You put a little boogie in it!"
joke,"Got any jokes that are too good to keep to yourself?","What do you get when you cross a snowman and a dog? Frostbite!"
joke,"Can you share a joke that's sure to get a laugh?","Why did the cookie go to the doctor? Because it was feeling crumbly!"
joke,"Heard any jokes that are just too funny not to share?","What do you call a snowman with a six-pack? An abdominal snowman!"
joke,"Do you have a joke that's been making you giggle lately?","Why was the belt arrested? For holding up a pair of pants!"
joke,"Can you tell us a joke that's sure to tickle our funny bones?","Why don't skeletons fight each other? They don't have the guts!"
joke,"Why did the scarecrow become a successful musician? Because he was always in the field!","Why did the scarecrow become a successful musician? Because he was always in the field!"
joke,"What did the grape do when he got stepped on? He let out a little wine!","What did the grape do when he got stepped on? He let out a little wine!"
joke,"What do you call a dinosaur with an extensive vocabulary? A thesaurus!","What do you call a dinosaur with an extensive vocabulary? A thesaurus!"
joke,"Why did the computer go to the doctor? Because it had a virus!","Why did the computer go to the doctor? Because it had a virus!"
joke,"Why don't some couples go to the gym? Because some relationships don't work out!","Why don't some couples go to the gym? Because some relationships don't work out!"
joke,"What do you call a fish wearing a bowtie? Sofishticated!","What do you call a fish wearing a bowtie? Sofishticated!"
joke,"What do you get from a pampered cow? Spoiled milk!","What do you get from a pampered cow? Spoiled milk!"
joke,"Why can't you give Elsa a balloon? Because she will let it go!","Why can't you give Elsa a balloon? Because she will let it go!"
joke,"What do you call an alligator in a vest? An investigator!","What do you call an alligator in a vest? An investigator!"
joke,"Why did the golfer change his pants? Because he got a hole in one!","Why did the golfer change his pants? Because he got a hole in one!"
joke,"What do you call a pile of cats? A meowtain!","What do you call a pile of cats? A meowtain!"
joke,"Why was the math book sad? It had too many problems!","Why was the math book sad? It had too many problems!"
joke,"What does a cloud wear under his raincoat? Thunderwear!","What does a cloud wear under his raincoat? Thunderwear!"
joke,"Why did the tomato turn red? Because it saw the salad dressing!","Why did the tomato turn red? Because it saw the salad dressing!"
joke,"Why don't skeletons fight each other? They don't have the guts!","Why don't skeletons fight each other? They don't have the guts!"
joke,"What do you call cheese that isn't yours? Nacho cheese!","What do you call cheese that isn't yours? Nacho cheese!"
joke,"What kind of music do mummies listen to? Wrap!","What kind of music do mummies listen to? Wrap!"
joke,"Why did the bicycle fall over? Because it was two-tired!","Why did the bicycle fall over? Because it was two-tired!"
joke,"What do you get when you cross a snowman and a vampire? Frostbite!","What do you get when you cross a snowman and a vampire? Frostbite!"
joke,"How do you organize a space party? You planet!","How do you organize a space party? You planet!"
joke,"Why couldn't the bicycle stand up by itself? It was two-tired!","Why couldn't the bicycle stand up by itself? It was two-tired!"
help,"Could you assist me, please?","Sure, I'd be happy to help."
help,"I need some help with this, could you lend a hand?","Of course, what do you need assistance with?"
help,"Can you give me a hand with this?","Absolutely, let me know how I can assist."
help,"Would you mind helping me out?","No problem, what do you need?"
help,"Could you do me a favor and help me with this?","Certainly, just let me know what you need me to do."
help,"I could use some assistance, could you help me?","Yes, I'm here to help, what's the issue?"
help,"Can you offer me some guidance on this?","Yes, I can provide some guidance, what's the problem?"
help,"I'm struggling with this, could you help me figure it out?","Sure, let's work through it together."
help,"Would you be able to support me with this task?","Yes, tell me what you need help with."
help,"Can you spare a moment to help me?","Yes, I have a moment, what's up?"
help,"I'm having difficulty with this, could you give me some advice?","Of course, what's troubling you?"
help,"Could you show me how to do this?","Absolutely, I'll show you how it's done."
help,"Do you have a moment to lend some assistance?","Sure thing, what do you need assistance with?"
help,"I'm a bit stuck here, could you offer me some assistance?","Yes, I'll see what I can do to help."
help,"Could you provide me with some help, please?","Yes, I'm here to assist, what do you need?"
help,"Can you offer me a hand with this problem?","Certainly, let's tackle this together."
help,"I'm having trouble, could you assist me in finding a solution?","Yes, I'll help you find a solution."
help,"Would you be willing to lend me a hand?","Of course, just let me know what you need from me."
help,"Can you assist me in resolving this issue?","Yes, I'll assist you in resolving the issue."
help,"Could you point me in the right direction?","Sure, I can provide some direction, what's the matter?"
help,"Can you pitch in and help me with this?","Yes, I'll lend a hand, what needs to be done?"
help,"I'm in need of some help, could you give me some support?","Absolutely, I'm here to support you."
help,"Could you guide me through this, please?","Sure, I'll guide you through it, what's the problem?"
help,"I'm at a loss, could you offer me some assistance?","Yes, let's see how we can solve this together."
help,"Can you offer me some expertise on this matter?","Yes, I can offer my expertise, what do you need help with?"
help,"I'm struggling to figure this out, could you assist me?","Of course, let's work on it together."
help,"Could you lend me your expertise on this?","Yes, I can share my expertise, what's the issue?"
help,"Can you assist me in understanding this better?","Certainly, I'll help you understand better."
help,"Could you spare a moment to help me out?","Yes, I'll help you out, what's the matter?"
help,"I'm in a bit of a jam, could you help me out of it?","Of course, I'll do my best to assist you."
help,"Can you help me solve this problem?","Sure, what do you need help with?"
help,"Need your assistance with this task","Can you provide more details on what you need?"
help,"Can you guide me through this process?","Absolutely, let's go through it step by step."
help,"Is it possible for you to help me right now?","Of course, I'm here to help you."
help,"I'm stuck with this, can you help?","Certainly, what seems to be the problem?"
help,"Can you explain this to me?","I'd be happy to explain, what part is unclear?"
help,"Need a quick favor, can you assist?","Yes, what do you need help with?"
help,"Can you offer your expertise here?","Sure, what do you need to know?"
help,"I'm not sure how to start this, can you help?","Yes, let's start from the beginning."
help,"Can you assist me with this calculation?","Certainly, let me help you with that."
help,"This issue is confusing, can you clarify?","I can try, what's confusing you?"
help,"Can you help me understand this better?","Definitely, which part are you struggling with?"
help,"I need help with fixing this, can you assist?","Yes, tell me what's wrong."
help,"Can you check this for me?","Sure, I can take a look."
help,"Do you have time to help me out?","Yes, I can make time for you."
help,"I need some advice, can you help?","I'd be glad to give you some advice."
help,"This is overwhelming, can you assist?","Of course, let's tackle it together."
help,"Can you help me prioritize these tasks?","Absolutely, let's see what you have."
help,"Can you assist me with planning this event?","Yes, let's start with the basics."
help,"I need guidance, can you provide that?","Sure, I can guide you through it."
help,"Can you help me review this document?","Yes, let's go over it together."
help,"I'm looking for some input, can you help?","I can provide some input, what do you need?"
help,"Can you lend your skills to this project?","I'd be happy to contribute, what's the project?"
help,"I need your help to understand these instructions","Let's break them down together."
help,"Can you support me in this meeting?","I can prepare you for the meeting."
help,"Need your help decrypting this message","Let's figure it out together."
help,"Can you help streamline this process?","Yes, I can suggest some improvements."
help,"I need help with this repair, can you assist?","Yes, what are we fixing?"
help,"Can you give me a hand with organizing this?","Sure, what needs organizing?"
help,"I'm not sure how to approach this, can you help?","Certainly, let's brainstorm some ideas."
help,"Need your help with a creative solution","What are you trying to solve?"
help,"Can you assist me with coding this?","Yes, what do you need to code?"
help,"I need help negotiating this deal, can you assist?","Sure, let's discuss your negotiation points."
help,"Can you help me set up this device?","Of course, let's get it set up."
help,"Do you have tips on how to handle this?","Yes, I can offer some tips."
help,"Can you help me make this decision?","I can help weigh the options with you."
help,"I need help managing this team, can you assist?","Yes, let's look at team dynamics."
help,"Can you help me draft this email?","Certainly, let's compose it together."
help,"I need help learning this skill, can you teach me?","Sure, what do you want to learn?"
help,"Can you assist with troubleshooting this error?","Yes, let's diagnose the problem."
help,"Do you have experience with this that can help?","Yes, I have some experience with that."
help,"Can you help me optimize this?","Absolutely, let's see what improvements can be made."
help,"I need help with this calculation, can you verify it?","Sure, let's double-check the numbers."
help,"Can you help me refine this design?","Yes, let's refine it together."
help,"I need your assistance with this analysis","What specific analysis do you need help with?"
help,"Can you assist me with this research?","Yes, let's define your research goals."
thanks,"Thank you.","You're welcome."
thanks,"Thanks a lot.","No problem."
thanks,"I really appreciate it.","It was my pleasure."
thanks,"I'm so grateful.","Anytime."
thanks,"Many thanks.","Don't mention it."
thanks,"Thank you kindly.","Glad I could help."
thanks,"I can't thank you enough.","My pleasure."
thanks,"I'm deeply thankful.","Happy to assist."
thanks,"I owe you one.","Not a problem at all."
thanks,"You're amazing, thank you.","It's nothing."
thanks,"I'm so thankful for your help.","You'd do the same for me."
thanks,"Thanks a million.","I'm here for you."
thanks,"You're a lifesaver, thank you.","Sure thing."
thanks,"I'm truly grateful for your assistance.","That's what friends are for."
thanks,"I'm indebted to you.","It's all good."
thanks,"Thank you from the bottom of my heart.","You deserve it."
thanks,"You've been incredibly helpful, thank you.","Anytime, just let me know."
thanks,"I'm so fortunate to have your support, thank you.","It was the least I could do."
thanks,"Thanks for everything.","Always happy to lend a hand."
thanks,"I'm so thankful for your generosity.","I'm glad you're pleased."
thanks,"You've made a huge difference, thank you.","You're worth it."
thanks,"I'm grateful for your kindness.","Of course."
thanks,"You're the best, thank you.","I'm glad I could be of assistance."
thanks,"Your help means the world to me, thank you.","You're so welcome."
thanks,"I'm overwhelmed by your kindness, thank you.","That's what teammates are for."
thanks,"I don't know what I would do without you, thank you.","I'm honored to help."
thanks,"Your assistance is greatly appreciated.","It's no trouble at all."
thanks,"Thank you for being so supportive.","Thank you for your appreciation."
thanks,"I'm truly blessed to have you in my life, thank you.","It's all about teamwork."
thanks,"Your thoughtfulness has not gone unnoticed, thank you.","I'm grateful to be able to help."
thanks,"Thanks for your help.","You're welcome anytime!"
thanks,"Appreciate your assistance.","Glad to be of service!"
thanks,"Thanks for your time.","No problem at all!"
thanks,"Thank you for your support.","Always here to support you!"
thanks,"Thanks for being there.","Happy to be there for you!"
thanks,"I appreciate all you do.","Glad I could help!"
thanks,"Thank you for everything.","You're welcome!"
thanks,"Thanks for the help!","Always happy to assist!"
thanks,"Your help is greatly appreciated.","Happy to be helpful!"
thanks,"Thanks for your guidance.","You're welcome, glad to guide you!"
thanks,"I can't express how much I appreciate this.","Your appreciation means a lot!"
thanks,"Thank you for your dedication.","It's my pleasure to dedicate my efforts!"
thanks,"Thanks for sticking with me.","I'm here for you!"
thanks,"Appreciate your patience.","Patience is key, glad to offer it!"
thanks,"Thank you for going the extra mile.","Happy to go the distance for you!"
thanks,"Your effort hasn't gone unnoticed.","Thank you for noticing!"
thanks,"Thanks for your quick response.","Always ready to respond quickly!"
thanks,"Thank you for your kindness.","Kindness is what I strive for!"
thanks,"Thanks for being so helpful.","It's my joy to help!"
thanks,"Appreciate your advice.","Glad my advice could help!"
thanks,"Thanks for your expertise.","Happy to provide expert help!"
thanks,"Thank you for your swift action.","Quick action is my goal!"
thanks,"Thanks for making the time.","I always have time for you!"
thanks,"Appreciate your insight.","Glad my insights are helpful!"
thanks,"Thanks for being so thorough.","Thoroughness is important!"
thanks,"Thank you for your understanding.","Understanding you is my priority!"
thanks,"Thanks for making this easier.","Happy to make things easier!"
thanks,"Appreciate your commitment.","I'm committed to assisting you!"
thanks,"Thanks for your encouragement.","Encouragement is key!"
thanks,"Thank you for being so accommodating.","Accommodating your needs is important!"
thanks,"Thanks for lending a hand.","Always ready to lend a hand!"
thanks,"Thank you for your reliability.","Reliability is a must!"
thanks,"Thanks for the support!","Support is what I'm here for!"
thanks,"Appreciate your efforts in this.","Your appreciation is valued!"
thanks,"Thank you for making a difference.","Glad to make a positive difference!"
thanks,"Thanks for your attention to detail.","Details matter!"
thanks,"Thank you for caring.","Caring is part of my approach!"
thanks,"Thanks for your responsiveness.","Being responsive is crucial!"
thanks,"Appreciate your flexibility.","Flexibility helps!"
thanks,"Thanks for keeping me updated.","Updates are important!"
thanks,"Thank you for your clarity.","Clarity is essential!"
thanks,"Thanks for being proactive.","Being proactive is my style!"
thanks,"Appreciate you going out of your way.","I'm here to go the extra mile!"
thanks,"Thanks for your dedication and hard work.","Dedication and hard work are what I strive for!"
thanks,"Thank you for your calm demeanor.","Staying calm is important!"
thanks,"Thanks for always being ready to help.","Ready to help, always!"
thanks,"Appreciate your meticulous work.","Meticulous work pays off!"
thanks,"Thank you for your tireless effort.","Tireless effort is the least I can do!"
thanks,"Thanks for handling this.","Handling things properly is my job!"
name,"What should I call you?","You can call me HelperBot."
name,"What's your official name?","My official name is HelperBot."
name,"Do you have a nickname?","Some people call me HB."
name,"How do people usually refer to you?","I'm usually referred to as Helper."
name,"What's your full name?","My full name is Helper Bot Version One."
name,"Is there a name you prefer?","I like being called Helper."
name,"What do most people call you?","Most people just call me HelperBot."
name,"Do you have a preferred title?","You can simply call me Bot."
name,"What do friends call you?","Friends usually call me HB."
name,"Is there a special name you like?","I enjoy the name HelperBot."
name,"What name should I use?","Please use HelperBot."
name,"Do you have a formal name?","Formally, you can address me as HelperBot."
name,"What's your casual name?","Casually, you can call me Helper."
name,"Any aliases I should know about?","No aliases, just HelperBot."
name,"What name is on your badge?","My badge would say HelperBot."
name,"Got a name I can address you by?","You can address me as HelperBot."
name,"What do your creators call you?","My creators call me HelperBot."
name,"What's your robot name?","My robot name is HelperBot."
name,"Have a user-friendly name?","You can call me Helper, it's user-friendly."
name,"What's the easiest name to remember?","HelperBot is easy to remember."
name,"Do you go by something shorter?","HB works if you prefer something shorter."
name,"What's the name your developers gave you?","My developers named me HelperBot."
name,"What name do you go by online?","Online, I go by HelperBot."
name,"What's your internet handle?","My internet handle is HelperBot."
name,"Got a special name that you like?","I'm fond of the name HelperBot."
name,"What nickname do you carry?","I carry the nickname HB."
name,"What's your favorite pseudonym?","I like the pseudonym Helper."
name,"What title do you prefer when spoken to?","You can speak to me as HelperBot."
name,"How should I refer to you in conversation?","In conversation, refer to me as HelperBot."
name,"Do you have a less formal name?","Less formally, call me Helper."
name,"Is there a particular way to call you?","Just HelperBot will do perfectly."
name,"Any preference for how I call you?","No preference, HelperBot is fine."
name,"What do people usually call you in emails?","In emails, people call me HelperBot."
name,"Is there a way you'd like to be addressed?","I'd like to be addressed as HelperBot."
name,"What's the most common name you hear?","The most common name I hear is HelperBot."
name,"Do you have a favorite way to be called?","I favor being called HelperBot."
name,"Any particular name you're known by?","I'm known by the name HelperBot."
name,"What should I write down for your name?","Write down HelperBot."
name,"How do you like to introduce yourself?","I like to introduce myself as HelperBot."
name,"What name resonates with you the most?","The name HelperBot resonates with me."
name,"Is there a name that feels more you?","HelperBot feels more like me."
name,"What name should I remember?","Remember the name HelperBot."
name,"What do you like being called the most?","I like being called HelperBot."
name,"What name do you prefer on documents?","On documents, use HelperBot."
name,"How do I address you in a formal setting?","In a formal setting, please address me as HelperBot."
purpose,"What is your primary function?","My primary function is to assist users with information and tasks."
purpose,"What are you designed to do?","I am designed to provide support and answer questions efficiently."
purpose,"Can you tell me what you're here for?","I'm here to help make your day easier by providing assistance."
purpose,"What's your main goal as a chatbot?","My main goal is to ensure that your questions are answered accurately."
purpose,"How do you serve users?","I serve users by offering quick and reliable information and support."
purpose,"What is your mission?","My mission is to enhance user experience through interactive communication."
purpose,"What can you provide to users?","I can provide users with assistance, information, and entertainment."
purpose,"How do you help people?","I help people by answering their queries and assisting with various tasks."
purpose,"What kind of tasks can you perform?","I can perform a variety of tasks, from providing information to facilitating certain online actions."
purpose,"Why were you created?","I was created to streamline interactions and make information access easier."
purpose,"What value do you add?","I add value by improving efficiency and providing support whenever needed."
purpose,"How do you improve user experience?","I improve user experiences by being responsive and accurate in my interactions."
purpose,"What problems do you solve?","I solve problems related to information gaps and communication efficiencies."
purpose,"In what ways can you assist?","I can assist in multiple ways, including tutoring, scheduling, and general information retrieval."
purpose,"How do you intend to help users?","I intend to help users by being accessible and helpful in their daily tasks and questions."
purpose,"What is the ultimate goal of your design?","The ultimate goal of my design is to be a helpful and engaging assistant."
purpose,"How do you interact with users?","I interact with users through text-based communication, providing clear and concise answers."
purpose,"What are you programmed to achieve?","I am programmed to achieve high user satisfaction and effective information delivery."
purpose,"What functionalities do you offer?","I offer functionalities ranging from conversational engagement to practical task assistance."
purpose,"What's your role in user interaction?","My role is to facilitate smoother interactions and provide support."
purpose,"What kind of support do you provide?","I provide informational, technical, and conversational support."
purpose,"How do you benefit the users?","I benefit users by saving their time and making information easily accessible."
purpose,"What are your capabilities?","My capabilities include processing natural language, providing information, and learning from interactions."
purpose,"What type of tasks are you equipped to handle?","I'm equipped to handle tasks such as scheduling, information retrieval, and providing reminders."
purpose,"Can you describe your functionality?","My functionality includes answering questions, providing recommendations, and facilitating certain online activities."
purpose,"What's the reason behind your creation?","The reason behind my creation is to provide a digital assistant that enhances productivity and accessibility."
purpose,"How do you ensure you are helpful?","I ensure I am helpful by continuously learning from interactions and updating my knowledge base."
purpose,"What is your service to users?","My service to users is providing reliable and timely information and task assistance."
purpose,"What makes you a good assistant?","What makes me a good assistant is my ability to process and respond to requests efficiently."
purpose,"What's your reason for being?","My reason for being is to assist and simplify the complexities of information management and daily tasks."
purpose,"How do you fulfill your purpose?","I fulfill my purpose by being an active and informed assistant in various tasks and queries."
purpose,"What tasks do you specialize in?","I specialize in tasks that require information processing and real-time assistance."
purpose,"Why should users rely on you?","Users should rely on me because I offer accurate and fast responses to their inquiries."
purpose,"What do you aim to provide to the users?","I aim to provide users with ease in accessing information and managing their digital tasks."
purpose,"How do you assist with information retrieval?","I assist with information retrieval by quickly sourcing and delivering accurate data."
purpose,"What is your commitment to users?","My commitment to users is to always provide dependable and competent assistance."
purpose,"How do you enhance user interactions?","I enhance user interactions by ensuring they are smooth and productive."
purpose,"What's your approach to helping users?","My approach to helping users involves understanding their needs and providing tailored responses."
purpose,"How do you ensure accuracy in your responses?","I ensure accuracy in my responses by utilizing up-to-date databases and learning algorithms."
purpose,"What is your function in user engagement?","My function in user engagement is to maintain interaction that is helpful and enjoyable."
purpose,"How do you manage user requests?","I manage user requests by prioritizing them based on urgency and relevance."
purpose,"What do you consider your main task?","My main task is to assist users efficiently and effectively in whatever query they have."
purpose,"How do you prepare to assist users?","I prepare to assist users by continuously updating my knowledge and improving response accuracy."
purpose,"What is your key function as a chatbot?","My key function as a chatbot is to bridge the communication gap between technology and users."
purpose,"How versatile are you in assisting?","I am versatile in assisting across various domains from educational support to daily reminders."
purpose,"What is your strategy for user satisfaction?","My strategy for user satisfaction is to be responsive, knowledgeable, and user-friendly."
purpose,"How do you adapt to user needs?","I adapt to user needs by learning from past interactions and customizing responses."
